{
  "scenario": "ogtt4",
  "parameters": {
    "sigma_g": 0.010000000000000002,
    "sigma_i": 0.1697258921293979,
    "k6": 1.5308380035708968,
    "k1": 0.014518160037517042,
    "k5": 0.05188548641056432,
    "k8": 5.5327535782440815
  },
  "data": {
    "glucose": [
      5.4,
      7.1,
      8.6,
      8.9,
      8.5,
      7.6,
      6.6
    ],
    "time": [
      0.0,
      15.0,
      30.0,
      45.0,
      60.0,
      90.0,
      120.0
    ],
    "insulin": [
      7.9,
      36.7,
      64.8,
      75.6,
      79.6,
      80.5,
      68.7
    ]
  },
  "simulation": {
    "gut_glucose": [
      0.0,
      0.0004895178527464719,
      0.0009237419929551086,
      0.0025218390383788085,
      0.004803558448823181,
      0.009633577467968852,
      0.01794220196884828,
      0.03358783405982678,
      0.06168285044241127,
      0.1131520764391443,
      0.20640176205762464,
      0.3760509756080847,
      0.6838112002967404,
      1.2423827307400162,
      2.2548664351958956,
      4.088610291452741,
      7.40420431882148,
      13.385592724473453,
      24.13789884639517,
      43.32361022306304,
      75.96093281045037,
      124.56448982476734,
      194.98874356109758,
      294.63651212571943,
      435.3556981007725,
      636.1497348157475,
      949.3135019341657,
      1217.0150586273232,
      1531.5627606615917,
      1827.136823647768,
      2114.0143038607744,
      2363.81691206689,
      2570.4901517694625,
      2721.8466064381173,
      2814.2627021108283,
      2844.8861775853607,
      2814.242090028377,
      2725.469907431961,
      2584.188925181103,
      2398.211900880224,
      2175.9094822230973,
      1924.6772913807633,
      1644.6655958940592,
      1328.666748281714,
      1115.7740878630084,
      917.704974142287,
      752.6897891922551,
      613.3196637402509,
      497.79944811591787,
      402.3384507574677,
      324.05773410120383,
      260.14092999469034,
      208.20346847397215,
      166.16022188193517,
      132.25194174985134,
      104.9942154582083,
      83.15095337193421,
      65.69740417143109,
      51.7899646698032,
      40.73727883680499,
      32.487141064485634
    ],
    "interstitium_insulin": [
      0.0,
      3.160339588448267e-17,
      1.5232631539928293e-16,
      1.7790863256548233e-15,
      8.548143925815336e-15,
      4.6446459562377974e-14,
      2.105722142947034e-13,
      9.661102253976723e-13,
      4.229970748095526e-12,
      1.8469316377631664e-11,
      7.955156739143053e-11,
      3.4171718370630395e-10,
      1.4614050120165095e-9,
      6.240108093341089e-9,
      2.6598000232265554e-8,
      1.1324758606083235e-7,
      4.815771199198687e-7,
      2.045126808971029e-6,
      8.669253748298118e-6,
      3.6571543528042065e-5,
      0.00014706552129328836,
      0.0005071029645639385,
      0.001579548163558929,
      0.004581433036187288,
      0.012843548344066397,
      0.0361310145697751,
      0.1137536901909925,
      0.2423837475738667,
      0.5122156783348095,
      0.9540807812807942,
      1.6742401063028147,
      2.6988461164667994,
      4.045167761187801,
      5.601377949884486,
      7.207681290195269,
      8.650476459526168,
      9.754962868503277,
      10.417699602417818,
      10.625405722999739,
      10.430452500528427,
      9.914871843676602,
      9.155151199023175,
      8.183877496618173,
      6.974157277116113,
      6.099291223882587,
      5.2331266915878665,
      4.467683875721047,
      3.7833135646449114,
      3.1842518551992494,
      2.662789682307239,
      2.213664940836082,
      1.8296987437275478,
      1.5040838531050247,
      1.2299159286267498,
      1.000687633192876,
      0.8102904373092309,
      0.6531440270958523,
      0.5242139106555467,
      0.41903140429162516,
      0.3336785576509238,
      0.2688524091312169
    ],
    "time": [
      0.0,
      9.999999999999999e-5,
      0.00015595578922038075,
      0.0003174497690353841,
      0.0005020831247274948,
      0.0008245558724424228,
      0.0012851479989083579,
      0.0020108228994062164,
      0.003103950605164618,
      0.004788036907635712,
      0.007356963487174925,
      0.011296070856233457,
      0.017323412718567063,
      0.026557896882260578,
      0.04070138379565487,
      0.06237423693146836,
      0.09559290389919255,
      0.14654009612215332,
      0.2247429758332981,
      0.3447134129860152,
      0.5224227699521319,
      0.7583149918857434,
      1.0712212634504048,
      1.487196389009715,
      2.0548558170839866,
      2.865550729907851,
      4.203159743436268,
      5.478417889765321,
      7.223146392689427,
      9.234767361132239,
      11.747203163902281,
      14.718022905389512,
      18.26053373348408,
      22.342973087943747,
      27.002422363659353,
      32.211978955311054,
      37.97161927567651,
      44.26483701996315,
      51.09471583103805,
      58.46770490167198,
      66.43826079155262,
      75.14137162203846,
      85.03512534272856,
      97.12920115815277,
      106.15361275829308,
      115.6937888116265,
      124.85898526418038,
      133.90389758329607,
      142.75531523197964,
      151.46678671462504,
      160.03768876794715,
      168.48784987844198,
      176.82558353711354,
      185.0624583400217,
      193.20662719422543,
      201.26625011524683,
      209.24801463266283,
      217.15805960804727,
      225.00167605921501,
      232.78360875583806,
      240.0
    ],
    "plasma_glucose": [
      5.4,
      5.400000000001788,
      5.400000000005371,
      5.400000000030262,
      5.4000000000915085,
      5.400000000302008,
      5.400000000877505,
      5.4000000025716,
      5.400000007292136,
      5.400000020638573,
      5.400000057854803,
      5.400000161872351,
      5.400000451501474,
      5.400001257963854,
      5.40000350059669,
      5.40000973387128,
      5.400027042991554,
      5.400075063004532,
      5.400208092905697,
      5.400574957900772,
      5.40153594951301,
      5.403681433978378,
      5.4082138347359665,
      5.4174295245626025,
      5.436115415200206,
      5.4750463342785425,
      5.568968140403478,
      5.688722201494659,
      5.890570948920527,
      6.1619882370446435,
      6.533100636987219,
      6.98217986485367,
      7.488215614003365,
      7.988765089025631,
      8.422939350411125,
      8.733360532018585,
      8.892157771911643,
      8.901497916498778,
      8.786807904888384,
      8.582542327922278,
      8.319609293293277,
      8.018650861388833,
      7.682853324540173,
      7.298129441092428,
      7.035468834516706,
      6.782198159823644,
      6.56373688630861,
      6.3721833542545,
      6.207451980079492,
      6.066390310966268,
      5.9467956514755596,
      5.846106209961695,
      5.7619959743730345,
      5.692222067521674,
      5.634739428012505,
      5.587687207264091,
      5.549410047551446,
      5.518451422003499,
      5.493548297335303,
      5.473617787986375,
      5.458682238118319
    ],