{
  "outputs": {
    "HDT-EDES-PLASMA-GLUCOSE": {
      "timestamps_min": [0.0, 9.999999999999999e-5, 0.00016017110365708302, 0.0003300325093058066, 0.0005285941219527808, 0.0008719827425236809, 0.0013643113389578535, 0.0021381939103036723, 0.003304725612651293, 0.00510087328587024, 0.007841059769161735, 0.012042177915906166, 0.01847058473415814, 0.02831930951812925, 0.04340394674189602, 0.06651968969413348, 0.10195230891148731, 0.15630127943298205, 0.2397465038450314, 0.36793116040677554, 0.5604354404962543, 0.8196613790944088, 1.1629290743412721, 1.6195241069357864, 2.2384772247433116, 3.1020076385001465, 4.441171973588753, 6.025033781239287, 7.973351513971759, 10.36739758524109, 13.265579607145227, 16.706204679177382, 20.716830599499012, 25.326648642777567, 30.549975787908085, 36.38103486926994, 42.79601586317638, 49.76094404475861, 57.2531108818832, 65.24162235489113, 73.7185940799741, 82.66782381827413, 92.09676835901124, 102.02752449614472, 112.52689877996218, 123.73674371488605, 136.09794940845867, 151.5946920207033, 161.6384152175081, 172.04269916499382, 182.6471680571043, 193.11223919743142, 203.4403842346744, 213.64348400263867, 223.73205025557448, 233.71519519930277, 240.0],
      "values": [6.1, 6.100000000000888, 6.100000000002848, 6.100000000016514, 6.100000000051456, 6.100000000171615, 6.100000000503214, 6.100000001480428, 6.1000000042105045, 6.100000011933994, 6.100000033487957, 6.100000093746191, 6.100000261572247, 6.100000728918359, 6.100002028591455, 6.100005640902448, 6.100015671360689, 6.100043495952886, 6.100120574634286, 6.100333396599971, 6.100900569104502, 6.1021944923939975, 6.104938083373905, 6.110532056874183, 6.12178922958652, 6.144551846201342, 6.195257775340297, 6.276654131506258, 6.402849445411921, 6.5874401902365864, 6.839621816488406, 7.160037402404422, 7.538544789589538, 7.9541231902762, 8.374226116177383, 8.758947484987077, 9.069377844716222, 9.272145627114257, 9.359922732789698, 9.346759655102618, 9.257569161886101, 9.119292350571461, 8.953636309297913, 8.76859398945541, 8.569708830416243, 8.360072799315187, 8.13548700884092, 7.865962427106103, 7.700881234380596, 7.537937377241695, 7.381500433890068, 7.237477597357316, 7.105906810526379, 6.986451100757019, 6.878605280261533, 6.781743174011802, 6.7256886290999365],
      "unit": "mmol/L"
    },
    "HDT-EDES-PLASMA-INSULIN": {
      "timestamps_min": [0.0, 9.999999999999999e-5, 0.00016017110365708302, 0.0003300325093058066, 0.0005285941219527808, 0.0008719827425236809, 0.0013643113389578535, 0.0021381939103036723, 0.003304725612651293, 0.00510087328587024, 0.007841059769161735, 0.012042177915906166, 0.01847058473415814, 0.02831930951812925, 0.04340394674189602, 0.06651968969413348, 0.10195230891148731, 0.15630127943298205, 0.2397465038450314, 0.36793116040677554, 0.5604354404962543, 0.8196613790944088, 1.1629290743412721, 1.6195241069357864, 2.2384772247433116, 3.1020076385001465, 4.441171973588753, 6.025033781239287, 7.973351513971759, 10.36739758524109, 13.265579607145227, 16.706204679177382, 20.716830599499012, 25.326648642777567, 30.549975787908085, 36.38103486926994, 42.79601586317638, 49.76094404475861, 57.2531108818832, 65.24162235489113, 73.7185940799741, 82.66782381827413, 92.09676835901124, 102.02752449614472, 112.52689877996218, 123.73674371488605, 136.09794940845867, 151.5946920207033, 161.6384152175081, 172.04269916499382, 182.6471680571043, 193.11223919743142, 203.4403842346744, 213.64348400263867, 223.73205025557448, 233.71519519930277, 240.0],
      "values": [7.9, 7.900000000019317, 7.900000000061945, 7.9000000003591895, 7.900000001119203, 7.900000003732794, 7.900000010945625, 7.900000032202609, 7.900000091592967, 7.900000259627797, 7.900000728636737, 7.900002040156346, 7.900005694232573, 7.900015875493021, 7.90004421365712, 7.900123080855002, 7.900342518187288, 7.900953127938994, 7.902652659630517, 7.907379429682428, 7.9201146395671165, 7.949611065801943, 8.01341486483056, 8.14695123753847, 8.425114818170291, 9.01427419813498, 10.416928516659723, 12.860946197631296, 17.016053883587112, 23.75560190133959, 34.061424744382485, 48.812786420544626, 68.52465521479097, 93.10363627083058, 121.51778744291123, 151.70185339053077, 180.83922239375278, 205.82047680230087, 224.30615223342303, 235.235633302852, 238.8484532528287, 236.28510020379676, 229.08849353852122, 218.52462524196002, 205.5189385822729, 190.70872148709785, 174.11830498202977, 153.68580983801047, 140.9123272620085, 128.19555028434044, 115.86665086998102, 104.40017182186243, 93.81989079392466, 84.12002217175103, 75.28046163255993, 67.26961119667354, 62.59746916539871],
      "unit": "mU/L"
    },
    "HDT-EDES-GUT-GLUCOSE": {
      "timestamps_min": [0.0, 9.999999999999999e-5, 0.00016017110365708302, 0.0003300325093058066, 0.0005285941219527808, 0.0008719827425236809, 0.0013643113389578535, 0.0021381939103036723, 0.003304725612651293, 0.00510087328587024, 0.007841059769161735, 0.012042177915906166, 0.01847058473415814, 0.02831930951812925, 0.04340394674189602, 0.06651968969413348, 0.10195230891148731, 0.15630127943298205, 0.2397465038450314, 0.36793116040677554, 0.5604354404962543, 0.8196613790944088, 1.1629290743412721, 1.6195241069357864, 2.2384772247433116, 3.1020076385001465, 4.441171973588753, 6.025033781239287, 7.973351513971759, 10.36739758524109, 13.265579607145227, 16.706204679177382, 20.716830599499012, 25.326648642777567, 30.549975787908085, 36.38103486926994, 42.79601586317638, 49.76094404475861, 57.2531108818832, 65.24162235489113, 73.7185940799741, 82.66782381827413, 92.09676835901124, 102.02752449614472, 112.52689877996218, 123.73674371488605, 136.09794940845867, 151.5946920207033, 161.6384152175081, 172.04269916499382, 182.6471680571043, 193.11223919743142, 203.4403842346744, 213.64348400263867, 223.73205025557448, 233.71519519930277, 240.0],
      "values": [0.0, 0.00024316782408602557, 0.00047658380918924495, 0.001323162784204824, 0.00256490065476162, 0.005175735523175153, 0.009691262398741587, 0.018183198744432267, 0.033450979675871344, 0.06141447026372752, 0.11209230683383825, 0.2042852643451633, 0.37153816006591117, 0.6750725969056554, 1.225217040276383, 2.221428993231157, 4.022214733129104, 7.269604962796557, 13.104213501170204, 23.51786841041054, 41.46334095824536, 68.55194808386918, 107.64266118560832, 162.74473558838787, 239.55455203054845, 345.797070245626, 500.78992627085654, 663.4158266614523, 832.656140772209, 1000.9801572197136, 1160.0542296770986, 1303.7900549019255, 1429.05416076619, 1534.5089629808222, 1618.832759443137, 1680.5307985837746, 1718.3869045673432, 1731.9354702032754, 1721.6115679499658, 1688.6657798398255, 1634.9597511308218, 1562.9338054983643, 1475.2556099276576, 1374.704095498522, 1263.7553940048817, 1144.23646698592, 1015.2608236097233, 863.9268904701737, 770.4888623086349, 681.3141445030027, 597.9726794203639, 523.084497449538, 456.25229445384554, 396.90662208906707, 344.43664822561317, 298.22347746612485, 271.73236770118825],
      "unit": "mg"
    },