{
  "scenario": "ogtt3",
  "parameters": {
    "sigma_g": 0.010000000000000002,
    "sigma_i": 0.20032085650634182,
    "k6": 1.5531234642813734,
    "k1": 0.015267477934545208,
    "k5": 0.050921296545794935
  },
  "data": {
    "glucose": [
      5.4,
      7.1,
      8.6,
      8.9,
      8.5,
      7.6,
      6.6
    ],
    "time": [
      0.0,
      15.0,
      30.0,
      45.0,
      60.0,
      90.0,
      120.0
    ],
    "insulin": [
      7.9,
      36.7,
      64.8,
      75.6,
      79.6,
      80.5,
      68.7
    ]
  },
  "simulation": {
    "gut_glucose": [
      0.0,
      0.0005252505855796577,
      0.0009878780840614522,
      0.0026932128560248026,
      0.00512289708149213,
      0.01026913993289445,
      0.019117996891832724,
      0.035782743722710966,
      0.0657048959044349,
      0.12052246563749447,
      0.21983622685829501,
      0.40051869099022147,
      0.7282933440729356,
      1.323193667094667,
      2.4015358593850094,
      4.354584124331422,
      7.885961258661236,
      14.256779382379381,
      25.708318228308347,
      46.094865997578324,
      79.9895124202553,
      129.89556790514231,
      202.298732756461,
      304.94059239161595,
      450.3580968496291,
      658.1792026296472,
      989.3984574392944,
      1269.128942537901,
      1600.8892470407204,
      1912.6914388004516,
      2216.6466973654265,
      2481.9914195361885,
      2702.2966959399814,
      2863.2999782858014,
      2960.193074683373,
      2989.677048473819,
      2952.37986482883,
      2851.863243960423,
      2694.6213179977167,
      2489.5544452645536,
      2245.893846510145,
      1971.2958812797872,
      1661.8666981252481,
      1362.0878998611138,
      1129.9000203462797,
      923.3019238612621,
      751.7716887750809,
      608.0395163077524,
      489.700162167065,
      392.63624527541447,
      313.65142323014754,
      249.67197942926848,
      198.1097701261325,
      156.72103054287226,
      123.62797555367517,
      97.25925999132848,
      76.31761283455299,
      59.736849978248564,
      46.647072540630376,
      36.34180539254611,
      28.250184334227463,
      23.147352992645594
    ],
    "interstitium_insulin": [
      0.0,
      4.4443413672142747e-17,
      2.1243910557404688e-16,
      2.4729083282879483e-15,
      1.1842057597178149e-14,
      6.427073637785797e-14,
      2.910897080346438e-13,
      1.3349665167559583e-12,
      5.8430244713357406e-12,
      2.550821677659061e-11,
      1.0985618197997294e-10,
      4.718560384064428e-10,
      2.0178297917572277e-9,
      8.615467779437013e-9,
      3.6719992898527096e-8,
      1.56328256621147e-7,
      6.646731026149965e-7,
      2.822017741245848e-6,
      1.1956704364733369e-5,
      5.0278928357989145e-5,
      0.00019686322838385764,
      0.0006612812839306196,
      0.0020280818217216228,
      0.00582431825490606,
      0.016222335558735042,
      0.04531314270063816,
      0.1439071898828895,
      0.3037718506328515,
      0.6371654270068603,
      1.1732313681624065,
      2.0309224542294158,
      3.2214319593489815,
      4.74230677342835,
      6.43463374869757,
      8.0948566188727,
      9.49254590453983,
      10.476640197981446,
      10.990424874209832,
      11.063813514947405,
      10.770523915570356,
      10.188931299641636,
      9.376982441025795,
      8.332206915399471,
      7.210226615655178,
      6.267169996920717,
      5.366713129882801,
      4.568068332186541,
      3.8558979713034667,
      3.2339272888366395,
      2.6944467247793495,
      2.2316325899000033,
      1.8376207532878737,
      1.5049222446801833,
      1.2259922307367042,
      0.9937739194768589,
      0.8016970932414443,
      0.6438108270704836,
      0.514789353729525,
      0.40994227389621224,
      0.3251869057767445,
      0.2570119586794855,
      0.2131981735101794
    ],
    "time": [
      0.0,
      9.999999999999999e-5,
      0.00015559089504043396,
      0.00031638972387810116,
      0.000499909407656468,
      0.0008207030289437364,
      0.001278760781921489,
      0.002000578167696326,
      0.0030878359517322743,
      0.004762955177157941,
      0.007318178279974122,
      0.011236317283348955,
      0.017231561771635033,
      0.026416886604072938,
      0.04048505291508845,
      0.06204243084487774,
      0.09508391861136344,
      0.14575866567149023,
      0.22353394336975546,
      0.3425838663575415,
      0.5151690379087788,
      0.742058849604033,
      1.0435282466443334,
      1.4446572390457117,
      1.9926378444003943,
      2.7737562326433545,
      4.084746463429974,
      5.313602679685719,
      7.001563260850117,
      8.937598438422329,
      11.354305626268324,
      14.209940791784359,
      17.627622426824782,
      21.581076988283982,
      26.105213011910802,
      31.173376690940508,
      36.78971168063372,
      42.93952696064089,
      49.62289968121179,
      56.8486306737814,
      64.68206363718728,
      73.28590987736219,
      83.28152951351561,
      93.80800700667984,
      102.91810749005975,
      112.18199637775207,
      121.11646134038563,
      129.9298740534797,
      138.56385597896548,
      147.06565604915954,
      155.43432792830336,
      163.68838882627244,
      171.83525623589583,
      179.88583412368425,
      187.8476320393342,
      195.72834121402207,
      203.53420433648793,
      211.2710110215771,
      218.94373480120112,
      226.55685913208262,
      234.11433028382277,
      240.0
    ],
    "plasma_glucose": [
      5.4,
      5.400000000001919,
      5.40000000000573,
      5.40000000003221,
      5.400000000097168,
      5.400000000320425,
      5.400000000930357,
      5.400000002725681,
      5.400000007727275,
      5.40000002186771,
      5.400000061295539,
      5.400000171492206,
      5.400000478320725,
      5.400001332668762,
      5.400003708454704,
      5.400010311828206,
      5.40002864873345,
      5.400079520043199,
      5.400220430022753,
      5.400607909531355,
      5.401594553457017,
      5.403754638397784,
      5.408293706456084,
      5.417497672033386,
      5.436150487449804,
      5.474914087778033,
      5.570339805203983,
      5.690106094664984,
      5.8924925909421075,
      6.162490593193409,
      6.52970889947022,
      6.9706417426816225,
      7.46464831260905,
      7.9498783571256215,
      8.368565043368736,
      8.670555627486113,
      8.83548757625137,
      8.86791071111731,
      8.78880210598293,
      8.623503221270628,
      8.393353912733177,
      8.111942882751064,
      7.77468648647625,
      7.42796308022966,
      7.145516208965441,
      6.880639512587747,
      6.649471019402347,
      6.445961403008296,
      6.270270152053441,
      6.119459450321472,
      5.991341341521074,
      5.883280094454592,
      5.792851584729292,
      5.717697799488044,
      5.655662810877539,
      5.604779711448365,
      5.563296769662831,
      5.5296702869753735,
      5.502559708266387,
      5.48081349182736,
      5.463453533393708,
      5.452378441349314
    ],