{
  "scenario": "cgm",
  "parameters": {
    "sigma_g": 0.0206730458249846,
    "sigma_i": 25.04999999999984,
    "k6": 5.0,
    "k1": 0.00880779075272941,
    "k5": 0.00955640649315587
  },
  "data": {
    "glucose": [
      6.1,
      6.2,
      6.4,
      6.7,
      7.1,
      7.6,
      8.1,
      8.5,
      8.9,
      9.2,
      9.4,
      9.5,
      9.6,
      9.6,
      9.5,
      9.4,
      9.3,
      9.2,
      9.0,
      8.9,
      8.8,
      8.6,
      8.5,
      8.3,
      8.2,
      7.9
    ],
    "time": [
      0.0,
      5.0,
      10.0,
      15.0,
      20.0,
      25.0,
      30.0,
      35.0,
      40.0,
      45.0,
      50.0,
      55.0,
      60.0,
      65.0,
      70.0,
      75.0,
      80.0,
      85.0,
      90.0,
      95.0,
      100.0,
      105.0,
      110.0,
      115.0,
      120.0,
      125.0
    ],
    "insulin": [
      7.9,
      0.0,
      0.0,
      0.0,
      0.0,
      0.0,
      0.0,
      0.0,
      0.0,
      0.0,
      0.0,
      0.0,
      0.0,
      0.0,
      0.0,
      0.0,
      0.0,
      0.0,
      0.0,
      0.0,
      0.0,
      0.0,
      0.0,
      0.0,
      0.0,
      0.0
    ]
  },
  "simulation": {
    "gut_glucose": [
      0.0,
      0.00024316782408602576,
      0.0004765838114836002,
      0.0013231626898988918,
      0.002564900500023197,
      0.005175735177598378,
      0.009691261743792312,
      0.018183197899174598,
      0.03345097684155224,
      0.06141446230588458,
      0.1120922924122063,
      0.20428523647368219,
      0.3715381125640992,
      0.6750725281201414,
      1.2252169274621527,
      2.2214287533238273,
      4.0222143515296365,
      7.269604245612177,
      13.104212158748448,
      23.517866278645883,
      41.46333665648509,
      68.55194358712257,
      107.64264750151467,
      162.74471939506748,
      239.55451730791526,
      345.7970328898581,
      500.78987848523514,
      663.4158171720331,
      832.6561162571387,
      1000.9801410898225,
      1160.054215645262,
      1303.7900529340343,
      1429.0541525756637,
      1534.5089486404306,
      1618.832743266613,
      1680.5307817704663,
      1718.3868941862484,
      1731.9354696373957,
      1721.611575717157,
      1688.665793469142,
      1634.9597665754911,
      1562.9338122921727,
      1475.2556030950047,
      1374.7040721211972,
      1263.7553672588544,
      1144.2364424657235,
      1015.2608064686447,
      863.926881713218,
      770.4888542000496,
      681.3141441582791,
      597.9726821300552,
      523.084509422346,
      456.2523077430976,
      396.90663737641256,
      344.43665628409155,
      298.22348498801983,
      271.732367702341
    ],
    "interstitium_insulin": [
      0.0,
      2.0570979716532996e-17,
      1.0883715499969783e-16,
      1.323337263518468e-15,
      6.633637870357616e-15,
      3.65819449079369e-14,
      1.6800561520781845e-13,
      7.750529533580764e-13,
      3.40790858114393e-12,
      1.4911120752342403e-11,
      6.43236133917811e-11,
      2.765483103819143e-10,
      1.1835133052676543e-9,
      5.056313898608276e-9,
      2.1564874729236232e-8,
      9.188466484351786e-8,
      3.911337583706204e-7,
      1.663579458770201e-6,
      7.068847919221539e-6,
      2.996527512326431e-5,
      0.0001230987965695696,
      0.0004377817396813565,
      0.001393690255253655,
      0.004123725485495046,
      0.011729617319590173,
      0.032984699454470454,
      0.09975775053585287,
      0.24728809653176181,
      0.5506005425046034,
      1.1253951770073591,
      2.122666492623414,
      3.702326680350141,
      5.991828741268661,
      9.042508165693048,
      12.773302402093893,
      16.94097602332675,
      21.164292054789733,
      24.99341841176762,
      28.028331165402733,
      30.03262909506059,
      30.96996779389473,
      30.959531307630435,
      30.209421076970177,
      28.923022475818573,
      27.246449347075934,
      25.283575142103093,
      23.05231039418286,
      20.282762055184033,
      18.540155917778677,
      16.80016848742008,
      15.108212002420782,
      13.529692845256143,
      12.068780257106923,
      10.725577585932934,
      9.498165277659814,
      8.38295598506961,
      7.730893280246104
    ],
    "time": [
      0.0,
      9.999999999999999e-5,
      0.0001601711042001312,
      0.00033003249258916104,
      0.000528594099233405,
      0.0008719827009884937,
      0.0013643112731377008,
      0.002138193839320777,
      0.0033047254126286536,
      0.005100872813613486,
      0.007841059048148458,
      0.012042176741219433,
      0.018470583044803063,
      0.02831930745216217,
      0.04340394387690309,
      0.06651968453419049,
      0.10195230194345616,
      0.15630126827393764,
      0.2397464859469931,
      0.36793113584060555,
      0.5604353969729362,
      0.8196613379682263,
      1.1629289579848325,
      1.619523975220361,
      2.238476945712444,
      3.1020073294480763,
      4.441171539246467,
      6.025033681714836,
      7.973351202982672,
      10.367397327287748,
      13.265579315334232,
      16.706204624961433,
      20.716830294132684,
      25.32664790108155,
      30.54997456523877,
      36.38103279965268,
      42.79601314659896,
      49.76094136502161,
      57.253108130006304,
      65.24161977545171,
      73.71859193937165,
      82.66782301019933,
      92.09676902484743,
      102.02752671046744,
      112.5269012737006,
      123.73674602440363,
      136.09795108482217,
      151.5946928986215,
      161.6384161177704,
      172.04269917772203,
      182.64716767237758,
      193.1122373872729,
      203.4403820386369,
      213.6434811949605,
      223.73204863627234,
      233.7151934772108,
      240.0
    ],
    "plasma_glucose": [
      6.1,
      6.100000000000888,
      6.100000000002848,
      6.100000000016514,
      6.100000000051456,
      6.100000000171615,
      6.100000000503214,
      6.100000001480428,
      6.100000004210504,
      6.10000001193399,
      6.100000033487949,
      6.100000093746169,
      6.10000026157219,
      6.100000728918232,
      6.100002028591135,
      6.100005640901401,
      6.100015671358128,
      6.100043495945475,
      6.100120574612867,
      6.10033339654724,
      6.100900568939954,
      6.1021944921372775,
      6.10493808223556,
      6.1105320549312045,
      6.121789223552039,
      6.144551836613618,
      6.195257756045438,
      6.276654125741922,
      6.402849423330252,
      6.58744016897553,
      6.839621790016417,
      7.160037397276074,
      7.538544761113103,
      7.954123126283139,
      8.374226025673591,
      8.758947365572489,
      9.069377739554255,
      9.272145574155605,
      9.35992272113844,
      9.346759672763786,
      9.257569190977147,
      9.119292364285423,
      8.95363629722974,
      8.768593947628483,
      8.569708783320683,
      8.360072756629492,
      8.13548697893335,
      7.8659624124644125,
      7.700881219930382,
      7.537937377124921,
      7.38150043943344,
      7.237477621456469,
      7.105906837422903,
      6.986451132234565,
      6.878605296724035,
      6.781743189887077,
      6.725688629099499
    ],