{
  "scenario": "cgm",
  "parameters": {
    "sigma_g": 0.020673045629841007,
    "sigma_i": 25.05032229297265,
    "k6": 4.999999999999999,
    "k1": 0.00880779083029276,
    "k5": 0.00955640642573603
  },
  "data": {
    "glucose": [
      6.1,
      6.2,
      6.4,
      6.7,
      7.1,
      7.6,
      8.1,
      8.5,
      8.9,
      9.2,
      9.4,
      9.5,
      9.6,
      9.6,
      9.5,
      9.4,
      9.3,
      9.2,
      9.0,
      8.9,
      8.8,
      8.6,
      8.5,
      8.3,
      8.2,
      7.9
    ],
    "time": [
      0.0,
      5.0,
      10.0,
      15.0,
      20.0,
      25.0,
      30.0,
      35.0,
      40.0,
      45.0,
      50.0,
      55.0,
      60.0,
      65.0,
      70.0,
      75.0,
      80.0,
      85.0,
      90.0,
      95.0,
      100.0,
      105.0,
      110.0,
      115.0,
      120.0,
      125.0
    ],
    "insulin": [
      7.9,
      0.0,
      0.0,
      0.0,
      0.0,
      0.0,
      0.0,
      0.0,
      0.0,
      0.0,
      0.0,
      0.0,
      0.0,
      0.0,
      0.0,
      0.0,
      0.0,
      0.0,
      0.0,
      0.0,
      0.0,
      0.0,
      0.0,
      0.0,
      0.0,
      0.0
    ]
  },
  "simulation": {
    "gut_glucose": [
      0.0,
      0.0002431678270839712,
      0.00047658381506490857,
      0.001323162800517714,
      0.002564900686383536,
      0.005175735586985294,
      0.009691262518222346,
      0.01818319896860763,
      0.03345098008827868,
      0.06141447102088835,
      0.11209230821579066,
      0.20428526686373344,
      0.3715381646464857,
      0.6750726052283913,
      1.2252170553816035,
      2.2214290206180993,
      4.022214782716469,
      7.269605052416949,
      13.104213662713573,
      23.51786870030731,
      41.463341469280465,
      68.55194892858697,
      107.64266251156216,
      162.7447375920276,
      239.55455497732584,
      345.79707449328936,
      500.7899324059774,
      663.4158347575059,
      832.6561508753857,
      1000.9801692629708,
      1160.0542434656402,
      1303.7900701388817,
      1429.0541770897062,
      1534.5089799885602,
      1618.832776700081,
      1680.5308156328247,
      1718.3869209487195,
      1731.9354854798519,
      1721.611581729471,
      1688.6657917969571,
      1634.959761017845,
      1562.9338131572931,
      1475.2556152895354,
      1374.7040985808446,
      1263.755394900821,
      1144.2364658521758,
      1015.2608206420974,
      863.9268969253457,
      770.4888673504665,
      681.3141535898939,
      597.972686672358,
      523.0845120804847,
      456.25231495594954,
      396.90664343903376,
      344.43666354929627,
      298.22349323087144,
      271.7323616891472
    ],
    "interstitium_insulin": [
      0.0,
      2.057097971653298e-17,
      1.0883715420309517e-16,
      1.3233318080920527e-15,
      6.63363257577121e-15,
      3.658196904358887e-14,
      1.6800566949640068e-13,
      7.750531490482567e-13,
      3.4079094803722427e-12,
      1.4911125934729156e-11,
      6.432363452609418e-11,
      2.76548405539439e-10,
      1.1835136875930474e-9,
      5.056315213910895e-9,
      2.1564879828697e-8,
      9.188469016544768e-8,
      3.9113385382861663e-7,
      1.6635798813695446e-6,
      7.0688497888262135e-6,
      2.996528222680377e-5,
      0.00012309883009541402,
      0.0004377818181084168,
      0.0013936907318039611,
      0.004123726627850752,
      0.011729622146435062,
      0.03298471015497124,
      0.09975778132844323,
      0.24728811149559254,
      0.5506006092275986,
      1.1253952650477599,
      2.1226666351948165,
      3.702326753830401,
      5.991829004381309,
      9.042508792658866,
      12.773303444618815,
      16.94097767332153,
      21.164293979082835,
      24.993420002676558,
      28.0283323941411,
      30.03262989052566,
      30.969968234638916,
      30.959531588629837,
      30.209421439729113,
      28.92302306254864,
      27.2464499941885,
      25.283575739438586,
      23.052310834511022,
      20.28276251408807,
      18.540156328994787,
      16.800168818692313,
      15.108212225469606,
      13.529693020497431,
      12.068780528914838,
      10.725577824744384,
      9.498165540983905,
      8.382956268997123,
      7.730893205502841
    ],
    "time": [
      0.0,
      9.999999999999999e-5,
      0.00016017110365708302,
      0.0003300325093058066,
      0.0005285941219527808,
      0.0008719827425236809,
      0.0013643113389578535,
      0.0021381939103036723,
      0.003304725612651293,
      0.00510087328587024,
      0.007841059769161735,
      0.012042177915906166,
      0.01847058473415814,
      0.02831930951812925,
      0.04340394674189602,
      0.06651968969413348,
      0.10195230891148731,
      0.15630127943298205,
      0.2397465038450314,
      0.36793116040677554,
      0.5604354404962543,
      0.8196613790944088,
      1.1629290743412721,
      1.6195241069357864,
      2.2384772247433116,
      3.1020076385001465,
      4.441171973588753,
      6.025033781239287,
      7.973351513971759,
      10.36739758524109,
      13.265579607145227,
      16.706204679177382,
      20.716830599499012,
      25.326648642777567,
      30.549975787908085,
      36.38103486926994,
      42.79601586317638,
      49.76094404475861,
      57.2531108818832,
      65.24162235489113,
      73.7185940799741,
      82.66782381827413,
      92.09676835901124,
      102.02752449614472,
      112.52689877996218,
      123.73674371488605,
      136.09794940845867,
      151.59469075888578,
      161.63841400010062,
      172.042697279806,
      182.64716620710664,
      193.11223601423413,
      203.44037973572125,
      213.64347887140318,
      223.73204582043283,
      233.71519014448367,
      240.0
    ],
    "plasma_glucose": [
      6.1,
      6.100000000000888,
      6.100000000002848,
      6.100000000016514,
      6.100000000051456,
      6.100000000171615,
      6.100000000503214,
      6.100000001480428,
      6.1000000042105045,
      6.100000011933994,
      6.100000033487958,
      6.100000093746193,
      6.1000002615722515,
      6.10000072891837,
      6.100002028591482,
      6.100005640902519,
      6.100015671360883,
      6.1000434959534235,
      6.100120574635774,
      6.100333396604082,
      6.1009005691156055,
      6.102194492421048,
      6.104938083434763,
      6.1105320570039545,
      6.121789229854922,
      6.144551846749927,
      6.195257776512621,
      6.27665413367921,
      6.4028494491355685,
      6.587440196228549,
      6.839621825581631,
      7.160037415444793,
      7.538544807304606,
      7.954123213137133,
      8.374226144242236,
      8.758947517782087,
      9.06937788066888,
      9.27214566401579,
      9.359922769194297,
      9.346759689707275,
      9.257569193635298,
      9.119292378708327,
      8.953636333905349,
      8.768594010726853,
      8.569708847730915,
      8.360072812277053,
      8.135487017230236,
      7.8659624520303515,
      7.700881254749556,
      7.5379374043775815,
      7.381500456709921,
      7.237477634528133,
      7.105906859367502,
      6.986451151195109,
      6.878605317835191,
      6.78174321273353,
      6.7256886210993585
    ],