{
  "scenario": "ogtt3",
  "parameters": {
    "sigma_g": 0.010000000000000002,
    "sigma_i": 0.20032085650634182,
    "k6": 1.5531234642813734,
    "k1": 0.015267477934545208,
    "k5": 0.050921296545794935
  },
  "data": {
    "glucose": [
      5.4,
      7.1,
      8.6,
      8.9,
      8.5,
      7.6,
      6.6
    ],
    "time": [
      0.0,
      15.0,
      30.0,
      45.0,
      60.0,
      90.0,
      120.0
    ],
    "insulin": [
      7.9,
      36.7,
      64.8,
      75.6,
      79.6,
      80.5,
      68.7
    ]
  },
  "simulation": {
    "gut_glucose": [
      0.0,
      0.000525250585579658,
      0.0009878780955599675,
      0.002693212995322116,
      0.005122897659910927,
      0.010269141395669932,
      0.01911799899324278,
      0.03578274668103297,
      0.06570490420155496,
      0.12052247969447272,
      0.2198362650752625,
      0.40051873043445474,
      0.7282934657589233,
      1.3231938810633745,
      2.4015362109224125,
      4.354584961453684,
      7.885962639838733,
      14.25678186702979,
      25.708322092305327,
      46.09487139556152,
      79.98952001659573,
      129.89557970596496,
      202.2987434447565,
      304.9406005196389,
      450.35810337175184,
      658.1791797290884,
      989.3984128906826,
      1269.1288951918257,
      1600.889198187046,
      1912.691420848277,
      2216.6467209449143,
      2481.9914410338038,
      2702.2967111032094,
      2863.2999890630585,
      2960.1930736237464,
      2989.6770480273613,
      2952.3798644122007,
      2851.8632528145986,
      2694.6213406252855,
      2489.5544825344255,
      2245.8939197154173,
      1971.2959842295045,
      1661.8668239657097,
      1362.0879846289783,
      1129.9000935679485,
      923.3019671840825,
      751.7717181076112,
      608.0395378272378,
      489.70016898470243,
      392.6362497621923,
      313.65142626828174,
      249.67198046039184,
      198.1097700182863,
      156.7210332013407,
      123.62797681189352,
      97.25926327085185,
      76.31761539041848,
      59.736852861542296,
      46.64707463695258,
      36.34180660256788,
      28.250185347173772,
      23.14735299429659
    ],
    "interstitium_insulin": [
      0.0,
      4.44434136721429e-17,
      2.1243910942608073e-16,
      2.4729211936585556e-15,
      1.1842095042482567e-14,
      6.427079100548302e-14,
      2.9108985879707873e-13,
      1.3349668905469433e-12,
      5.8430263766993415e-12,
      2.5508224389875245e-11,
      1.0985622893129572e-10,
      4.718561516148035e-10,
      2.0178306111551514e-9,
      8.615471167622615e-9,
      3.6720005977526134e-8,
      1.5632832981510237e-7,
      6.646733865706522e-7,
      2.8220189436763817e-6,
      1.195670877418082e-5,
      5.0278942884425256e-5,
      0.00019686327487734612,
      0.0006612814349095394,
      0.0020280820947871335,
      0.00582431865792444,
      0.016222336184197945,
      0.045313138350948655,
      0.14390717092646424,
      0.3037718156633745,
      0.6371653626542262,
      1.1732313288604104,
      2.0309225384017164,
      3.2214320793103015,
      4.742306902907187,
      6.4346338911845455,
      8.09485659201891,
      9.492546019218421,
      10.476640203133053,
      10.990424855250597,
      11.063813530377063,
      10.77052398972837,
      10.188931497686005,
      9.376982767806622,
      8.332207364177194,
      7.210226947642906,
      6.267170305288819,
      5.366713324947606,
      4.5680684729920475,
      3.8558980811265435,
      3.233927325280229,
      2.6944467502898477,
      2.2316326081223226,
      1.8376207597127747,
      1.5049222439016272,
      1.2259922491896509,
      0.993773928456114,
      0.801697117711743,
      0.6438108466885455,
      0.5147893765763499,
      0.40994229092471507,
      0.3251869158266473,
      0.2570119673141787,
      0.21319817351501286
    ],
    "time": [
      0.0,
      9.999999999999999e-5,
      0.00015559089631510592,
      0.0003163897355039001,
      0.0004999094478602877,
      0.0008207031123333411,
      0.0012787608822543521,
      0.002000578285808287,
      0.003087836230261632,
      0.004762955574068229,
      0.007318179189193232,
      0.011236318074480004,
      0.017231563831069014,
      0.026416889662058525,
      0.0404850571624412,
      0.06204243940852777,
      0.09508393060181689,
      0.14575868403953265,
      0.22353396782293478,
      0.34258389585155147,
      0.515169074404064,
      0.7420589008664717,
      1.0435282896507472,
      1.4446572701182487,
      1.9926378687894466,
      2.7737561455380115,
      4.08474627825723,
      5.313602458895291,
      7.0015629881881,
      8.937598313773265,
      11.354305842430144,
      14.209941066091519,
      17.627622718009516,
      21.58107734028067,
      26.105212929222624,
      31.1733771983419,
      36.78971172013564,
      42.93952652813009,
      49.62289882360848,
      56.84862943611079,
      64.68206134039617,
      73.28590663675729,
      83.28152530809744,
      93.80800387499521,
      102.9181044306522,
      112.1819943033375,
      121.11645969455402,
      129.92987261966152,
      138.5638554503271,
      147.06565562155154,
      155.43432757489018,
      163.6883886825657,
      171.83525625804901,
      179.8858335394457,
      187.8476317033241,
      195.72834010725376,
      203.5342032671527,
      211.27100950463756,
      218.943733419518,
      226.55685812976193,
      234.11432921637387,
      240.0
    ],
    "plasma_glucose": [
      5.4,
      5.400000000001919,
      5.40000000000573,
      5.40000000003221,
      5.400000000097168,
      5.400000000320425,
      5.400000000930357,
      5.400000002725681,
      5.400000007727276,
      5.400000021867713,
      5.4000000612955565,
      5.400000171492234,
      5.400000478320861,
      5.400001332669131,
      5.4000037084556345,
      5.400010311831613,
      5.40002864874209,
      5.400079520067122,
      5.400220430080162,
      5.400607909655421,
      5.401594553723128,
      5.403754639003817,
      5.408293707246031,
      5.417497672890599,
      5.436150488437739,
      5.4749140826725595,
      5.570339789230509,
      5.690106070835483,
      5.892492555359056,
      6.162490574892926,
      6.529708932994065,
      6.970641784310831,
      7.46464835211948,
      7.949878395481454,
      8.368565037048231,
      8.670555649781374,
      8.835487576882565,
      8.867910712949973,
      8.788802121547157,
      8.623503254317473,
      8.393353984947954,
      8.111942991443865,
      7.774686627831912,
      7.42796318051698,
      7.145516300380849,
      6.8806395690394835,
      6.649471059665135,
      6.445961434104819,
      6.270270162065006,
      6.119459457361666,
      5.991341346522363,
      5.8832800961817675,
      5.792851584499896,
      5.717697804477666,
      5.65566281325833,
      5.6047797179343295,
      5.563296774798991,
      5.5296702929170465,
      5.502559712650913,
      5.48081349439025,
      5.463453535584023,
      5.452378441348937
    ],